1	In the south of France, there is a village where digging is illegal. Not restricted. Illegal. Because for seventy years, people would not stop searching for something.
2	They tore up gardens, tunneled under the cemetery, took dynamite to a church floor, all chasing the fortune of one man — a priest who had no money.
3	In eighteen eighty-five, Bérenger Saunière arrived here on a salary worth pennies, yet within years he was spending like a millionaire on a scale nobody could explain.
4	He built a tower to hold his library. A villa for guests he rarely invited. And above his church door, he carved a warning in Latin.
5	Terribilis est locus iste — this place is terrible. Then he died, refusing even at the very end to tell the Church where all that money came from.
6	Only one person knew the secret, and she kept it for thirty-six years before carrying it silently to her grave. This is the file on Rennes-le-Château.
7	To understand how strange this story becomes, look at the starting point: Rennes-le-Château in eighteen eighty-five, a dying hilltop village of barely two hundred people.
8	The new priest is thirty-three, the son of a mill manager, sent to a parish so poor it can barely feed him. His church is falling apart.
9	Rain pours through the roof of Saint Mary Magdalene's church, where the altar is a stone slab resting on two pillars some say are a thousand years old.
10	This region remembers old things — Cathar castles burned by crusaders, Templar strongholds, kingdoms that minted treasure and vanished, legends clinging to these hills like morning fog.
11	Saunière is ambitious, stubborn and political; he preaches against the government, loses his salary, and survives for a while on gifts of food from parishioners.
12	But he has a plan, and he begins begging renovation funds from the village council, a local countess and church coffers — small sums, documented and utterly ordinary.
13	In eighteen eighty-seven the work begins, and workers lift the old altar stone off its two pillars — and here the story splits into document and legend.
14	The legend says a hollow pillar held sealed wooden tubes, and inside them lay parchments — coded manuscripts, royal genealogies, the kind of secret men kill to keep.
15	The record says something quieter: workmen reported old relics and coins beneath the floor, nothing unusual for a medieval church, and no parchments appear in any document.
16	But something undeniably changed, because from the early eighteen nineties the penniless priest of a two-hundred-person village began spending money he could not possibly have.
17	First the church, not patched but transformed — new altar, new floor, statues, painted reliefs and stained glass, with artisans brought from far away and paid in full.
18	Then the strange details begin: at the entrance he installs a demon statue, twisted and crouching, holding the holy water basin while visitors recoil. He keeps it anyway.
19	Asmodeus — in legend the demon who guarded Solomon's treasure. Of every figure a priest could place at his church door, he chose the treasure's guardian.
20	Above the door sits the carved inscription, Terribilis est locus iste. Tourists read it as a threat, but it is scripture — how awesome is this place.
21	Saunière wasn't done: on the cliff edge he raised the Tour Magdala, a neo-Gothic stone tower for his library — a watchtower with no enemy in sight.
22	Beside it rose the Villa Bethania, a handsome bourgeois house he built and never lived in, sleeping instead in the presbytery while the villa hosted his guests.
23	And the guests came — opera singers, aristocrats, clergy of rank, pilgrims of hidden gravity dining at the table of a priest at the edge of nowhere.
24	He collected rare china, built a promenade and a greenhouse, ordered exotic plants, monkeys and cases of Jamaican rum — every bit of it on a suspended salary.
25	Modern estimates put his spending at hundreds of thousands of gold francs, many millions today, and the parish ledgers cannot account for a tenth of it.
26	The village noticed, the diocese noticed, and letters went up the chain asking where the priest's money came from. He answered with silence, or with lies.
27	He claimed donations from penitents who wished to stay anonymous, and when pressed harder he refused outright, saying that naming donors would violate the confessional.
28	Meanwhile his own parishioners saw him late at night, quietly digging in the cemetery with his housekeeper, moving stones and erasing the inscription from one particular grave.
29	That grave belonged to a countess buried a century earlier, whose headstone carried odd lettering the villagers remembered — and Saunière scraped it blank. Why deface a tomb?
30	Every answer he gave created two new questions, and in nineteen-oh-nine the Church decided it had waited long enough: a new bishop opened a formal investigation.
31	The bishop of Carcassonne ordered him transferred to another parish; Saunière refused to go, resigning rather than leaving his hilltop, and the Church's suspicion hardened.
32	An ecclesiastical trial followed, and the charge tells you exactly what the Church believed — trafficking in masses, the selling of promised prayers on an industrial scale.
33	Here is the scheme, plainly. Catholics could pay a small fee for a mass said for a loved one's soul. One priest can say one mass a day.
34	But Saunière advertised across France and beyond, in religious journals and by post, collecting fees for tens of thousands of masses he could never physically perform.
35	The mail arrived daily stuffed with money orders, Marie collected them by the basket, and when the investigators finally counted the postal records the evidence was damning.
36	Found guilty, he was suspended from the priesthood, and the official story was complete: no treasure, no parchments, just a talented fraudster in a cassock.
37	Except the numbers never quite closed the case. Even generous estimates of the mass fees struggle to cover the full scale of the documented spending.
38	And fraud does not explain the strange behavior — the midnight digging, the scraped gravestone, the demon at the door. Fraudsters want quiet money, not monuments and riddles.
39	Saunière appealed his conviction to Rome, hired lawyers he could not pay, and spent his final years borrowing money and selling his china.
40	Then in January of nineteen seventeen, aged sixty-four, he collapsed with a stroke, and there on his deathbed the story reached its strangest documented moment.
41	A priest from a neighboring village came to hear his last confession. By the account passed down, he left the room shaken — and refused him absolution at first.
42	What does a dying village priest confess that unsettles another priest? The mass fraud was already public record, so whatever he said was something else entirely.
43	Saunière died days later, and his will revealed one final surprise: he owned nothing, because the tower, the villa and the land all belonged to Marie.
44	Marie Dénarnaud, his housekeeper since she was eighteen — confidante, gatekeeper, keeper of the baskets of letters, the woman the village simply called the priest's shadow.
45	She lived on in the villa for thirty-six years, poor but strangely serene, and to visitors who pressed her she said something nobody here ever forgot.
46	With what the Father left you could feed the whole village for a hundred years — and one day, she promised, a secret would make its keeper rich.
47	After the war she sold the estate to Noël Corbu on one condition: he would care for her until she died, and then hear the secret.
48	In January of nineteen fifty-three Marie suffered a stroke and lay dying for days, conscious by some accounts but unable to speak, while Corbu waited beside the bed.
49	She never got a word out, and whatever Saunière told her — if he ever told her — died in that room. The secret was now dead twice.
50	Corbu was left with a crumbling estate, no secret and mounting debts, so he did the only thing left to do with a mystery: he opened a restaurant.
51	To draw customers he told the newspapers the story with upgrades — the priest hadn't run a scam at all, he had found the treasure of a queen.
52	It worked beyond imagination: treasure hunters descended with picks and dynamite, tunneled under the church, opened graves, until the digging ban became law in nineteen sixty-five.
53	Then the myth finally left the village, when a Frenchman named Pierre Plantard grafted forged parchments onto the tale and planted fake documents in France's national library.
54	His invented secret society, the Priory of Sion, claimed the priest found proof of a hidden royal bloodline — a documented hoax Plantard later admitted under oath.
55	But hoaxes outlive their confessions: the bloodline story became a bestselling book in nineteen eighty-two, and that book became the skeleton of The Da Vinci Code.
56	Millions of readers met a version scrubbed of the village's real name, and the tiny village of two hundred now receives a hundred thousand visitors a year.
57	So strip away every layer of invention — Corbu's gold, Plantard's parchments, the novels. What remains at the bottom of the file? Three documented facts.
58	A priest spent a fortune that fraud alone struggles to explain, he dug at night and defaced a grave, and two people carried something silently to their deaths.
59	Maybe the secret was only shame — a swindler's ledger. Maybe it was something he found under that altar after all. The floor of the church keeps its silence.
60	Terribilis est locus iste — how awesome is this place, or how terrible. Both translations fit this file. Which do you believe? The next file is already open.
